encoded_feature,importance
nominal__job_category_AI Engineering,0.5868434310057562
numeric__years_of_experience,0.2794781465922956
nominal__job_category_Robotics,0.012836799261789444
nominal__job_category_Security,0.008757287770288958
numeric__demand_score,0.005930158387234192
nominal__job_category_Architecture,0.00495348619955238
company_size__company_size,0.004812086584070068
numeric__skill_count,0.004667200161267195
numeric__benefits_score_10,0.004574295260124468
nominal__job_category_Business,0.003937447295831103
education__education_required,0.00390517279080701
nominal__city_Austin,0.002926560299666477
skills__LLM APIs,0.002807782273571597
skills__Agile,0.002744042582650732
nominal__job_category_Data Science,0.00255668448647751
nominal__industry_Technology,0.0022407067044945676
nominal__city_San Francisco,0.0021217473571883217
nominal__job_category_Product,0.001966542011053828
nominal__remote_work_Hybrid,0.0016345620869320332
skills__LangChain,0.0016199932729950017
skills__SQL,0.0015663152024700602
nominal__remote_work_On-site,0.0015439134570740208
nominal__industry_Automotive,0.0014724141955616914
skills__Git,0.0014546808264891639
nominal__job_category_Research,0.0014406656674137988
nominal__job_category_Data Engineering,0.0014292540544231958
nominal__job_title_RAG Engineer,0.0014265140330415866
skills__Data Visualization,0.0013572861620967658
nominal__industry_Government,0.0012786574561577887
skills__PyTorch,0.0012648227054082248
nominal__industry_Finance,0.0012610260147083087
skills__Cloud,0.0010446674002329939
skills__Linux,0.0010275670838090422
skills__Leadership,0.0010256297292183297
skills__LLMs,0.0010212140154205692
nominal__industry_Retail,0.0009650533301090407
nominal__remote_work_Fully Remote,0.0009627764721303328
nominal__job_category_Governance,0.0009168567272983255
nominal__country_USA,0.0009140508455100653
nominal__industry_Energy,0.0008969447934963093
skills__AutoGen,0.000850311070587286
skills__Statistics,0.0008499180631115974
skills__Research,0.0008333872427788212
skills__Communication,0.000804469167106404
skills__Problem Solving,0.0007963352963152213
nominal__country_Singapore,0.0007824499523539506
nominal__industry_Education,0.0007556723712943415
skills__AI Literacy,0.0007425135315019027
skills__Python,0.0007104784237075831
skills__Embeddings,0.0006976079260305153
nominal__city_Singapore,0.0006402180567120724
nominal__job_category_ML Operations,0.0006152297972116341
nominal__industry_Research,0.0005537233846900814
skills__Advanced Statistics,0.0005490066268187827
nominal__industry_Manufacturing,0.0005430251554897832
skills__CUDA,0.0005268543710596999
skills__Vector DBs,0.0005146808472743016
skills__Text Processing,0.00048508928374327076
nominal__city_Boston,0.0004846885770278977
nominal__job_title_AI Agent Developer,0.0004738305262419025
nominal__city_Seattle,0.0004488976957537933
skills__Business Analysis,0.0004469244361236086
skills__Cloud (AWS/GCP/Azure),0.0004195904577681621
nominal__city_Los Angeles,0.00041924924593653314
skills__LLM Fine-tuning,0.00039082012081965756
nominal__job_title_Senior Data Scientist,0.0003736337251223972
skills__Tool Use,0.00037002818701889934
skills__Scikit-learn,0.00036352128154539274
skills__Networking,0.000358625355641413
skills__Documentation,0.0003559261392045958
skills__Auditing,0.00033863649093782665
skills__BERT,0.00032706395793117915
skills__ML,0.0003266469678692929
skills__Airflow,0.0003137684745656378
nominal__country_Germany,0.00030356073694731825
nominal__industry_Healthcare,0.00029876139302168506
skills__Prompt Engineering,0.0002967421261431227
skills__C++,0.00029486852290445
skills__Fine-tuning,0.00029483261138526975
nominal__country_UK,0.0002901857658246807
nominal__job_title_Deep Learning Engineer,0.00028342116821596385
skills__Planning Systems,0.0002795249621243398
nominal__city_Chicago,0.0002794400580327796
skills__dbt,0.00027498901257468446
skills__Neural Networks,0.00027247431338732936
nominal__job_title_AI Compliance Manager,0.00026898454620233125
skills__TensorFlow,0.0002653905221818294
skills__Feature Stores,0.00025871779490631373
nominal__industry_Media,0.00025454465202893084
nominal__city_Bangalore,0.0002516744336534632
nominal__job_title_NLP Engineer,0.00024886788322982354
nominal__country_Netherlands,0.0002456024428907591
nominal__industry_Consulting,0.00024317060202341717
nominal__city_Amsterdam,0.00024199745603454125
skills__Diffusion Models,0.00023440010039813748
skills__Search Systems,0.00023345439714300405
nominal__job_title_AI Engineer,0.00023332391788942987
nominal__job_category_Infrastructure,0.00023231736663082035
skills__Data Analysis,0.00023066410935896034
skills__Deep Learning,0.0002275164001596721
nominal__city_Tokyo,0.00022687439343451702
nominal__country_India,0.00021969850926108976
nominal__country_Japan,0.00021645515365216578
skills__AI Policy,0.00021309221469448472
nominal__job_title_AI Solutions Architect,0.00020952103295266832
nominal__job_title_Generative AI Engineer,0.00020581533288302272
skills__Docker,0.00020341678673524202
skills__EU AI Act,0.00019998042593004193
nominal__city_Beijing,0.00019835308584739028
skills__APIs,0.00019818518153911217
nominal__job_title_AI Product Manager,0.00019197430852954135
nominal__job_title_Data Engineer (AI),0.00018867422228286557
nominal__job_title_Prompt Engineer,0.0001851960801951765
skills__Kubernetes,0.00018430774658855965
skills__Legal Knowledge,0.00018382854266789638
skills__Storage,0.0001829453988076331
nominal__city_Paris,0.00018222822068509218
nominal__city_London,0.00018207660749229481
nominal__job_title_AI Business Analyst,0.00017785070675403741
skills__GenAI APIs,0.00017359274835047542
skills__NLP,0.0001729190719884718
nominal__country_France,0.0001707665183842213
nominal__country_China,0.00016928467489595028
skills__Image Processing,0.0001668210153128795
skills__Testing,0.0001659180629906717
skills__Transformers,0.00015152432391347292
skills__Risk Analysis,0.00014998148011000098
nominal__country_Canada,0.00014760237945113836
skills__Enterprise Architecture,0.00014657996276130607
skills__Vision-Language Models,0.00014338565993876327
nominal__job_title_AI Security Engineer,0.00014306818960680288
skills__Control Systems,0.00013487587897210464
skills__Stakeholder Mgmt,0.00012577497064744856
skills__Computer Vision,0.00012557591504336573
skills__ROS,0.00012436832001550989
nominal__city_Remote,0.00012316768385276625
nominal__job_title_Multimodal AI Engineer,0.0001227715711561697
skills__System Design,0.00011728039247479716
skills__ML Algorithms,0.00011537122832916538
skills__ML Security,0.00011480988541373149
nominal__job_title_ML Engineer,0.00011469885288165157
skills__Spark,0.00010281827175321493
nominal__job_title_Senior ML Engineer,9.619756660278089e-05
skills__Product Strategy,9.475006786878846e-05
skills__Cybersecurity,9.455056513518772e-05
skills__CNNs,9.234815845643465e-05
nominal__country_Global,8.951479212360623e-05
nominal__city_Dubai,8.79798711291783e-05
skills__RAG,8.785824296971078e-05
skills__Hugging Face,8.695851065932253e-05
skills__Prompt Design,8.352220217619724e-05
nominal__city_Berlin,8.112756135117424e-05
nominal__city_New York,7.528773442643167e-05
skills__Distributed Systems,7.507520494840797e-05
skills__Red Teaming,7.396249370641967e-05
skills__Risk Assessment,7.154826938094038e-05
nominal__country_UAE,6.805421825885006e-05
skills__MLOps,6.71325308990047e-05
nominal__city_Toronto,6.294145071785105e-05
skills__Risk Management,6.257105332352567e-05
skills__Ethics Frameworks,6.0947002946764914e-05
nominal__job_title_AI Infrastructure Eng,5.9489917719650604e-05
nominal__job_title_Data Scientist,5.4365117983842096e-05
nominal__job_title_LLM Engineer,5.318272683847723e-05
skills__Deployment,5.128659623032089e-05
nominal__city_Zurich,4.8466877103763026e-05
nominal__job_title_Computer Vision Engineer,4.34915245597007e-05
skills__OpenCV,3.533900196363454e-05
nominal__job_title_AI Research Scientist,3.3886656185543036e-05
nominal__country_Australia,3.3790185777444304e-05
nominal__country_Switzerland,3.3307276397972596e-05
nominal__job_title_AI Ethics Officer,2.689125672891161e-05
nominal__city_Sydney,2.564523181232289e-05
skills__Simulation,2.2359036767036725e-05
nominal__job_title_Robotics Engineer (AI),2.1789030974388874e-05
skills__ETL,2.036671142683273e-05
skills__Publishing,1.9787346755506177e-05
skills__Causal Inference,1.0365866232721283e-05
skills__LLM Integration,9.24735227954549e-06
skills__Mathematics,7.674163304775515e-06
skills__GPU Computing,7.403912559641123e-06
nominal__job_title_MLOps Engineer,4.2523396248201774e-06
skills__MLflow,2.4301097916274577e-06
skills__Monitoring,1.6178228890015153e-06
skills__CI/CD,1.1133731303272685e-06
