job_id,experience_level,years_of_experience
AIJOB1497,Senior (6-9 yrs),15
AIJOB1498,Mid (3-5 yrs),15
AIJOB1493,Senior (6-9 yrs),14
AIJOB1285,Entry (0-2 yrs),14
AIJOB1486,Mid (3-5 yrs),13
AIJOB0171,Entry (0-2 yrs),13
AIJOB0320,Entry (0-2 yrs),13
AIJOB1491,Senior (6-9 yrs),13
AIJOB1450,Senior (6-9 yrs),12
AIJOB1451,Senior (6-9 yrs),12
AIJOB1454,Senior (6-9 yrs),12
AIJOB0274,Entry (0-2 yrs),12
AIJOB1456,Senior (6-9 yrs),12
AIJOB0298,Entry (0-2 yrs),12
AIJOB1458,Senior (6-9 yrs),12
AIJOB0789,Entry (0-2 yrs),12
AIJOB1462,Senior (6-9 yrs),12
AIJOB1463,Senior (6-9 yrs),12
AIJOB0953,Entry (0-2 yrs),12
AIJOB1465,Senior (6-9 yrs),12
AIJOB1466,Senior (6-9 yrs),12
AIJOB1414,Entry (0-2 yrs),12
AIJOB1468,Mid (3-5 yrs),12
AIJOB1469,Mid (3-5 yrs),12
AIJOB1471,Mid (3-5 yrs),12
AIJOB1474,Senior (6-9 yrs),12
AIJOB0335,Entry (0-2 yrs),12
AIJOB0400,Entry (0-2 yrs),12
AIJOB0472,Entry (0-2 yrs),12
AIJOB1479,Mid (3-5 yrs),12
AIJOB1481,Mid (3-5 yrs),12
AIJOB0520,Entry (0-2 yrs),12
AIJOB0918,Entry (0-2 yrs),12
AIJOB0014,Entry (0-2 yrs),12
AIJOB1162,Entry (0-2 yrs),11
AIJOB1421,Mid (3-5 yrs),11
AIJOB1347,Entry (0-2 yrs),11
AIJOB1423,Mid (3-5 yrs),11
AIJOB0088,Entry (0-2 yrs),11
AIJOB0158,Entry (0-2 yrs),11
AIJOB1427,Senior (6-9 yrs),11
AIJOB1430,Mid (3-5 yrs),11
AIJOB1432,Senior (6-9 yrs),11
AIJOB1433,Senior (6-9 yrs),11
AIJOB1434,Senior (6-9 yrs),11
AIJOB1435,Mid (3-5 yrs),11
AIJOB1436,Mid (3-5 yrs),11
AIJOB1440,Mid (3-5 yrs),11
AIJOB1441,Senior (6-9 yrs),11
AIJOB1442,Mid (3-5 yrs),11
AIJOB1443,Mid (3-5 yrs),11
AIJOB1444,Senior (6-9 yrs),11
AIJOB1445,Mid (3-5 yrs),11
AIJOB1446,Mid (3-5 yrs),11
AIJOB1447,Mid (3-5 yrs),11
AIJOB0229,Entry (0-2 yrs),11
AIJOB1321,Senior (6-9 yrs),10
AIJOB1322,Mid (3-5 yrs),10
AIJOB1324,Senior (6-9 yrs),10
AIJOB1325,Mid (3-5 yrs),10
AIJOB1328,Senior (6-9 yrs),10
AIJOB1329,Senior (6-9 yrs),10
AIJOB0358,Entry (0-2 yrs),10
AIJOB1332,Mid (3-5 yrs),10
AIJOB1333,Senior (6-9 yrs),10
AIJOB1334,Mid (3-5 yrs),10
AIJOB0378,Entry (0-2 yrs),10
AIJOB1336,Mid (3-5 yrs),10
AIJOB1338,Mid (3-5 yrs),10
AIJOB1339,Mid (3-5 yrs),10
AIJOB1340,Senior (6-9 yrs),10
AIJOB1343,Senior (6-9 yrs),10
AIJOB1345,Senior (6-9 yrs),10
AIJOB0445,Entry (0-2 yrs),10
AIJOB0561,Entry (0-2 yrs),10
AIJOB1349,Senior (6-9 yrs),10
AIJOB0637,Entry (0-2 yrs),10
AIJOB0695,Entry (0-2 yrs),10
AIJOB0830,Entry (0-2 yrs),10
AIJOB1354,Mid (3-5 yrs),10
AIJOB1356,Mid (3-5 yrs),10
AIJOB0879,Entry (0-2 yrs),10
AIJOB0893,Entry (0-2 yrs),10
AIJOB0947,Entry (0-2 yrs),10
AIJOB1362,Senior (6-9 yrs),10
AIJOB1363,Senior (6-9 yrs),10
AIJOB0984,Entry (0-2 yrs),10
AIJOB1366,Senior (6-9 yrs),10
AIJOB1367,Mid (3-5 yrs),10
AIJOB0996,Entry (0-2 yrs),10
AIJOB1019,Entry (0-2 yrs),10
AIJOB1079,Entry (0-2 yrs),10
AIJOB1373,Senior (6-9 yrs),10
AIJOB1376,Mid (3-5 yrs),10
AIJOB1107,Entry (0-2 yrs),10
AIJOB1378,Senior (6-9 yrs),10
AIJOB1379,Senior (6-9 yrs),10
AIJOB1381,Senior (6-9 yrs),10
AIJOB1235,Entry (0-2 yrs),10
AIJOB1383,Senior (6-9 yrs),10
AIJOB1244,Entry (0-2 yrs),10
AIJOB1385,Senior (6-9 yrs),10
AIJOB1314,Entry (0-2 yrs),10
AIJOB1387,Senior (6-9 yrs),10
AIJOB1389,Mid (3-5 yrs),10
AIJOB1320,Entry (0-2 yrs),10
AIJOB1357,Entry (0-2 yrs),10
AIJOB1392,Mid (3-5 yrs),10
AIJOB1393,Senior (6-9 yrs),10
AIJOB1394,Mid (3-5 yrs),10
AIJOB1360,Entry (0-2 yrs),10
AIJOB1396,Mid (3-5 yrs),10
AIJOB1397,Senior (6-9 yrs),10
AIJOB1399,Mid (3-5 yrs),10
AIJOB1400,Senior (6-9 yrs),10
AIJOB1401,Mid (3-5 yrs),10
AIJOB1402,Mid (3-5 yrs),10
AIJOB1404,Mid (3-5 yrs),10
AIJOB1384,Entry (0-2 yrs),10
AIJOB1406,Mid (3-5 yrs),10
AIJOB1409,Mid (3-5 yrs),10
AIJOB0464,Entry (0-2 yrs),10
AIJOB1411,Senior (6-9 yrs),10
AIJOB0497,Entry (0-2 yrs),10
AIJOB0517,Entry (0-2 yrs),10
AIJOB0779,Entry (0-2 yrs),10
AIJOB0816,Entry (0-2 yrs),10
AIJOB1418,Mid (3-5 yrs),10
AIJOB1202,Lead (10+ yrs),9
AIJOB1203,Mid (3-5 yrs),9
AIJOB1207,Lead (10+ yrs),9
AIJOB1208,Mid (3-5 yrs),9
AIJOB1319,Entry (0-2 yrs),9
AIJOB1358,Entry (0-2 yrs),9
AIJOB1215,Mid (3-5 yrs),9
AIJOB1216,Lead (10+ yrs),9
AIJOB1217,Mid (3-5 yrs),9
AIJOB1218,Lead (10+ yrs),9
AIJOB1369,Entry (0-2 yrs),9
AIJOB1222,Lead (10+ yrs),9
AIJOB0060,Entry (0-2 yrs),9
AIJOB0095,Entry (0-2 yrs),9
AIJOB1225,Lead (10+ yrs),9
AIJOB1227,Mid (3-5 yrs),9
AIJOB0134,Entry (0-2 yrs),9
AIJOB1229,Lead (10+ yrs),9
AIJOB0217,Entry (0-2 yrs),9
AIJOB1232,Mid (3-5 yrs),9
AIJOB1233,Lead (10+ yrs),9
AIJOB0248,Entry (0-2 yrs),9
AIJOB0262,Entry (0-2 yrs),9
AIJOB1236,Mid (3-5 yrs),9
AIJOB0323,Entry (0-2 yrs),9
AIJOB0437,Entry (0-2 yrs),9
AIJOB1239,Mid (3-5 yrs),9
AIJOB1240,Mid (3-5 yrs),9
AIJOB0526,Entry (0-2 yrs),9
AIJOB1243,Mid (3-5 yrs),9
AIJOB0582,Entry (0-2 yrs),9
AIJOB1245,Mid (3-5 yrs),9
AIJOB0662,Entry (0-2 yrs),9
AIJOB1247,Lead (10+ yrs),9
AIJOB0811,Entry (0-2 yrs),9
AIJOB1250,Lead (10+ yrs),9
AIJOB1251,Lead (10+ yrs),9
AIJOB1252,Lead (10+ yrs),9
AIJOB1254,Lead (10+ yrs),9
AIJOB1255,Mid (3-5 yrs),9
AIJOB1261,Mid (3-5 yrs),9
AIJOB1264,Mid (3-5 yrs),9
AIJOB1265,Mid (3-5 yrs),9
AIJOB0905,Entry (0-2 yrs),9
AIJOB1268,Lead (10+ yrs),9
AIJOB0923,Entry (0-2 yrs),9
AIJOB0961,Entry (0-2 yrs),9
AIJOB0973,Entry (0-2 yrs),9
AIJOB0991,Entry (0-2 yrs),9
AIJOB1274,Lead (10+ yrs),9
AIJOB1037,Entry (0-2 yrs),9
AIJOB1276,Mid (3-5 yrs),9
AIJOB1277,Lead (10+ yrs),9
AIJOB1278,Mid (3-5 yrs),9
AIJOB1144,Entry (0-2 yrs),9
AIJOB1281,Mid (3-5 yrs),9
AIJOB1282,Mid (3-5 yrs),9
AIJOB1241,Entry (0-2 yrs),9
AIJOB1348,Entry (0-2 yrs),9
AIJOB1372,Entry (0-2 yrs),9
AIJOB1288,Lead (10+ yrs),9
AIJOB1290,Lead (10+ yrs),9
AIJOB1405,Entry (0-2 yrs),9
AIJOB1410,Entry (0-2 yrs),9
AIJOB1294,Lead (10+ yrs),9
AIJOB1295,Mid (3-5 yrs),9
AIJOB1296,Lead (10+ yrs),9
AIJOB1297,Mid (3-5 yrs),9
AIJOB1298,Lead (10+ yrs),9
AIJOB1300,Mid (3-5 yrs),9
AIJOB1461,Entry (0-2 yrs),9
AIJOB1304,Lead (10+ yrs),9
AIJOB1307,Lead (10+ yrs),9
AIJOB1478,Entry (0-2 yrs),9
AIJOB1309,Lead (10+ yrs),9
AIJOB1310,Lead (10+ yrs),9
AIJOB1484,Entry (0-2 yrs),9
AIJOB1312,Mid (3-5 yrs),9
AIJOB1485,Entry (0-2 yrs),9
AIJOB0042,Entry (0-2 yrs),9
AIJOB0054,Entry (0-2 yrs),9
AIJOB1316,Lead (10+ yrs),9
AIJOB1318,Lead (10+ yrs),9
AIJOB0286,Entry (0-2 yrs),9
AIJOB0308,Entry (0-2 yrs),9
AIJOB1027,Lead (10+ yrs),8
AIJOB1390,Entry (0-2 yrs),8
AIJOB1464,Entry (0-2 yrs),8
AIJOB1467,Entry (0-2 yrs),8
AIJOB1032,Lead (10+ yrs),8
AIJOB1033,Mid (3-5 yrs),8
AIJOB1477,Entry (0-2 yrs),8
AIJOB0027,Entry (0-2 yrs),8
AIJOB1036,Lead (10+ yrs),8
AIJOB0058,Entry (0-2 yrs),8
AIJOB1038,Mid (3-5 yrs),8
AIJOB1039,Lead (10+ yrs),8
AIJOB1040,Mid (3-5 yrs),8
AIJOB1041,Lead (10+ yrs),8
AIJOB1042,Lead (10+ yrs),8
AIJOB0071,Entry (0-2 yrs),8
AIJOB1044,Lead (10+ yrs),8
AIJOB1045,Lead (10+ yrs),8
AIJOB0113,Entry (0-2 yrs),8
AIJOB1048,Mid (3-5 yrs),8
AIJOB1049,Lead (10+ yrs),8
AIJOB1050,Mid (3-5 yrs),8
AIJOB1051,Mid (3-5 yrs),8
AIJOB1053,Mid (3-5 yrs),8
AIJOB1054,Lead (10+ yrs),8
AIJOB1055,Lead (10+ yrs),8
AIJOB0128,Entry (0-2 yrs),8
AIJOB0145,Entry (0-2 yrs),8
AIJOB1060,Mid (3-5 yrs),8
AIJOB1061,Lead (10+ yrs),8
AIJOB0261,Entry (0-2 yrs),8
AIJOB1063,Mid (3-5 yrs),8
AIJOB1064,Lead (10+ yrs),8
AIJOB1066,Lead (10+ yrs),8
AIJOB1067,Mid (3-5 yrs),8
AIJOB1068,Lead (10+ yrs),8
AIJOB1069,Mid (3-5 yrs),8
AIJOB1070,Mid (3-5 yrs),8
AIJOB1071,Mid (3-5 yrs),8
AIJOB1072,Lead (10+ yrs),8
AIJOB1073,Mid (3-5 yrs),8
AIJOB1074,Lead (10+ yrs),8
AIJOB0271,Entry (0-2 yrs),8
AIJOB0405,Entry (0-2 yrs),8
AIJOB0467,Entry (0-2 yrs),8
AIJOB0531,Entry (0-2 yrs),8
AIJOB1080,Lead (10+ yrs),8
AIJOB0565,Entry (0-2 yrs),8
AIJOB1082,Lead (10+ yrs),8
AIJOB0573,Entry (0-2 yrs),8
AIJOB0664,Entry (0-2 yrs),8
AIJOB1085,Mid (3-5 yrs),8
AIJOB1087,Lead (10+ yrs),8
AIJOB0665,Entry (0-2 yrs),8
AIJOB1089,Lead (10+ yrs),8
AIJOB1090,Mid (3-5 yrs),8
AIJOB1091,Lead (10+ yrs),8
AIJOB1092,Lead (10+ yrs),8
AIJOB1093,Mid (3-5 yrs),8
AIJOB1094,Lead (10+ yrs),8
AIJOB0667,Entry (0-2 yrs),8
AIJOB1096,Lead (10+ yrs),8
AIJOB1097,Mid (3-5 yrs),8
AIJOB1100,Mid (3-5 yrs),8
AIJOB1102,Mid (3-5 yrs),8
AIJOB1103,Mid (3-5 yrs),8
AIJOB1104,Lead (10+ yrs),8
AIJOB0719,Entry (0-2 yrs),8
AIJOB1106,Lead (10+ yrs),8
AIJOB0746,Entry (0-2 yrs),8
AIJOB1108,Lead (10+ yrs),8
AIJOB0856,Entry (0-2 yrs),8
AIJOB1111,Lead (10+ yrs),8
AIJOB1112,Mid (3-5 yrs),8
AIJOB1113,Lead (10+ yrs),8
AIJOB0857,Entry (0-2 yrs),8
AIJOB1117,Mid (3-5 yrs),8
AIJOB0861,Entry (0-2 yrs),8
AIJOB0978,Entry (0-2 yrs),8
AIJOB1121,Mid (3-5 yrs),8
AIJOB1122,Mid (3-5 yrs),8
AIJOB1123,Lead (10+ yrs),8
AIJOB1012,Entry (0-2 yrs),8
AIJOB1125,Lead (10+ yrs),8
AIJOB1126,Mid (3-5 yrs),8
AIJOB1127,Lead (10+ yrs),8
AIJOB1029,Entry (0-2 yrs),8
AIJOB1129,Lead (10+ yrs),8
AIJOB1131,Mid (3-5 yrs),8
AIJOB1030,Entry (0-2 yrs),8
AIJOB1134,Mid (3-5 yrs),8
AIJOB1135,Lead (10+ yrs),8
AIJOB1136,Lead (10+ yrs),8
AIJOB1034,Entry (0-2 yrs),8
AIJOB1138,Mid (3-5 yrs),8
AIJOB1043,Entry (0-2 yrs),8
AIJOB1141,Mid (3-5 yrs),8
AIJOB1046,Entry (0-2 yrs),8
AIJOB1145,Lead (10+ yrs),8
AIJOB1146,Lead (10+ yrs),8
AIJOB1147,Lead (10+ yrs),8
AIJOB1148,Lead (10+ yrs),8
AIJOB1062,Entry (0-2 yrs),8
AIJOB1150,Mid (3-5 yrs),8
AIJOB1151,Lead (10+ yrs),8
AIJOB1154,Lead (10+ yrs),8
AIJOB1156,Lead (10+ yrs),8
AIJOB1157,Lead (10+ yrs),8
AIJOB1159,Mid (3-5 yrs),8
AIJOB1081,Entry (0-2 yrs),8
AIJOB1161,Mid (3-5 yrs),8
AIJOB1083,Entry (0-2 yrs),8
AIJOB1133,Entry (0-2 yrs),8
AIJOB1167,Entry (0-2 yrs),8
AIJOB1169,Lead (10+ yrs),8
AIJOB1170,Lead (10+ yrs),8
AIJOB1171,Lead (10+ yrs),8
AIJOB1172,Mid (3-5 yrs),8
AIJOB1173,Mid (3-5 yrs),8
AIJOB1179,Entry (0-2 yrs),8
AIJOB1175,Lead (10+ yrs),8
AIJOB1176,Lead (10+ yrs),8
AIJOB1177,Lead (10+ yrs),8
AIJOB1190,Entry (0-2 yrs),8
AIJOB1224,Entry (0-2 yrs),8
AIJOB1230,Entry (0-2 yrs),8
AIJOB1270,Entry (0-2 yrs),8
AIJOB1187,Mid (3-5 yrs),8
AIJOB1188,Mid (3-5 yrs),8
AIJOB1189,Lead (10+ yrs),8
AIJOB1275,Entry (0-2 yrs),8
AIJOB1313,Entry (0-2 yrs),8
AIJOB1195,Mid (3-5 yrs),8
AIJOB1196,Lead (10+ yrs),8
AIJOB1198,Mid (3-5 yrs),8
AIJOB1200,Mid (3-5 yrs),8
AIJOB0924,Entry (0-2 yrs),7
AIJOB0927,Entry (0-2 yrs),7
AIJOB0832,Lead (10+ yrs),7
AIJOB0976,Entry (0-2 yrs),7
AIJOB0986,Entry (0-2 yrs),7
AIJOB0836,Lead (10+ yrs),7
AIJOB0837,Lead (10+ yrs),7
AIJOB0838,Mid (3-5 yrs),7
AIJOB0839,Lead (10+ yrs),7
AIJOB0840,Mid (3-5 yrs),7
AIJOB0989,Entry (0-2 yrs),7
AIJOB0842,Lead (10+ yrs),7
AIJOB0843,Lead (10+ yrs),7
AIJOB0844,Lead (10+ yrs),7
AIJOB1015,Entry (0-2 yrs),7
AIJOB0848,Mid (3-5 yrs),7
AIJOB0849,Mid (3-5 yrs),7
AIJOB0850,Lead (10+ yrs),7
AIJOB0851,Mid (3-5 yrs),7
AIJOB0852,Lead (10+ yrs),7
AIJOB1105,Entry (0-2 yrs),7
AIJOB0854,Lead (10+ yrs),7
AIJOB1119,Entry (0-2 yrs),7
AIJOB1174,Entry (0-2 yrs),7
AIJOB0858,Lead (10+ yrs),7
AIJOB1209,Entry (0-2 yrs),7
AIJOB0860,Lead (10+ yrs),7
AIJOB1219,Entry (0-2 yrs),7
AIJOB0863,Lead (10+ yrs),7
AIJOB1248,Entry (0-2 yrs),7
AIJOB0865,Mid (3-5 yrs),7
AIJOB1301,Entry (0-2 yrs),7
AIJOB1391,Entry (0-2 yrs),7
AIJOB0869,Mid (3-5 yrs),7
AIJOB0870,Lead (10+ yrs),7
AIJOB0872,Lead (10+ yrs),7
AIJOB1419,Entry (0-2 yrs),7
AIJOB0874,Mid (3-5 yrs),7
AIJOB1455,Entry (0-2 yrs),7
AIJOB0876,Mid (3-5 yrs),7
AIJOB1487,Entry (0-2 yrs),7
AIJOB0882,Mid (3-5 yrs),7
AIJOB0883,Mid (3-5 yrs),7
AIJOB1489,Entry (0-2 yrs),7
AIJOB0886,Mid (3-5 yrs),7
AIJOB0888,Lead (10+ yrs),7
AIJOB0889,Mid (3-5 yrs),7
AIJOB0891,Mid (3-5 yrs),7
AIJOB0011,Entry (0-2 yrs),7
AIJOB0041,Entry (0-2 yrs),7
AIJOB0897,Lead (10+ yrs),7
AIJOB0152,Entry (0-2 yrs),7
AIJOB0178,Entry (0-2 yrs),7
AIJOB0901,Lead (10+ yrs),7
AIJOB0903,Mid (3-5 yrs),7
AIJOB0215,Entry (0-2 yrs),7
AIJOB0906,Lead (10+ yrs),7
AIJOB0907,Mid (3-5 yrs),7
AIJOB0911,Lead (10+ yrs),7
AIJOB0276,Entry (0-2 yrs),7
AIJOB0281,Entry (0-2 yrs),7
AIJOB0916,Lead (10+ yrs),7
AIJOB0917,Lead (10+ yrs),7
AIJOB0333,Entry (0-2 yrs),7
AIJOB0369,Entry (0-2 yrs),7
AIJOB0920,Lead (10+ yrs),7
AIJOB0376,Entry (0-2 yrs),7
AIJOB0922,Lead (10+ yrs),7
AIJOB0379,Entry (0-2 yrs),7
AIJOB0383,Entry (0-2 yrs),7
AIJOB0925,Mid (3-5 yrs),7
AIJOB0450,Entry (0-2 yrs),7
AIJOB0928,Lead (10+ yrs),7
AIJOB0929,Mid (3-5 yrs),7
AIJOB0930,Mid (3-5 yrs),7
AIJOB0931,Mid (3-5 yrs),7
AIJOB0932,Lead (10+ yrs),7
AIJOB0933,Mid (3-5 yrs),7
AIJOB0934,Mid (3-5 yrs),7
AIJOB0935,Mid (3-5 yrs),7
AIJOB0937,Mid (3-5 yrs),7
AIJOB0938,Lead (10+ yrs),7
AIJOB0939,Mid (3-5 yrs),7
AIJOB0942,Lead (10+ yrs),7
AIJOB0943,Lead (10+ yrs),7
AIJOB0944,Mid (3-5 yrs),7
AIJOB0945,Lead (10+ yrs),7
AIJOB0466,Entry (0-2 yrs),7
AIJOB0948,Mid (3-5 yrs),7
AIJOB0949,Mid (3-5 yrs),7
AIJOB0504,Entry (0-2 yrs),7
AIJOB0951,Lead (10+ yrs),7
AIJOB0952,Mid (3-5 yrs),7
AIJOB0518,Entry (0-2 yrs),7
AIJOB0954,Lead (10+ yrs),7
AIJOB0523,Entry (0-2 yrs),7
AIJOB0604,Entry (0-2 yrs),7
AIJOB0749,Entry (0-2 yrs),7
AIJOB0959,Lead (10+ yrs),7
AIJOB0818,Entry (0-2 yrs),7
AIJOB0845,Entry (0-2 yrs),7
AIJOB0963,Mid (3-5 yrs),7
AIJOB0964,Lead (10+ yrs),7
AIJOB0965,Mid (3-5 yrs),7
AIJOB0867,Entry (0-2 yrs),7
AIJOB0967,Lead (10+ yrs),7
AIJOB0968,Mid (3-5 yrs),7
AIJOB0969,Lead (10+ yrs),7
AIJOB0958,Entry (0-2 yrs),7
AIJOB0972,Mid (3-5 yrs),7
AIJOB0994,Entry (0-2 yrs),7
AIJOB0974,Lead (10+ yrs),7
AIJOB1088,Entry (0-2 yrs),7
AIJOB0977,Lead (10+ yrs),7
AIJOB1109,Entry (0-2 yrs),7
AIJOB0979,Mid (3-5 yrs),7
AIJOB0981,Lead (10+ yrs),7
AIJOB1149,Entry (0-2 yrs),7
AIJOB0983,Lead (10+ yrs),7
AIJOB1160,Entry (0-2 yrs),7
AIJOB0985,Mid (3-5 yrs),7
AIJOB1183,Entry (0-2 yrs),7
AIJOB0987,Lead (10+ yrs),7
AIJOB0988,Mid (3-5 yrs),7
AIJOB1238,Entry (0-2 yrs),7
AIJOB0990,Mid (3-5 yrs),7
AIJOB1269,Entry (0-2 yrs),7
AIJOB1271,Entry (0-2 yrs),7
AIJOB0993,Lead (10+ yrs),7
AIJOB1286,Entry (0-2 yrs),7
AIJOB0995,Mid (3-5 yrs),7
AIJOB1292,Entry (0-2 yrs),7
AIJOB0997,Lead (10+ yrs),7
AIJOB0999,Lead (10+ yrs),7
AIJOB1000,Mid (3-5 yrs),7
AIJOB1001,Mid (3-5 yrs),7
AIJOB1002,Mid (3-5 yrs),7
AIJOB1003,Mid (3-5 yrs),7
AIJOB1315,Entry (0-2 yrs),7
AIJOB1005,Lead (10+ yrs),7
AIJOB1006,Lead (10+ yrs),7
AIJOB1007,Mid (3-5 yrs),7
AIJOB1008,Mid (3-5 yrs),7
AIJOB1011,Lead (10+ yrs),7
AIJOB1351,Entry (0-2 yrs),7
AIJOB1013,Mid (3-5 yrs),7
AIJOB1014,Mid (3-5 yrs),7
AIJOB1352,Entry (0-2 yrs),7
AIJOB1016,Lead (10+ yrs),7
AIJOB1017,Mid (3-5 yrs),7
AIJOB1377,Entry (0-2 yrs),7
AIJOB1021,Mid (3-5 yrs),7
AIJOB1386,Entry (0-2 yrs),7
AIJOB1024,Lead (10+ yrs),7
AIJOB1026,Mid (3-5 yrs),7
AIJOB0622,Mid (3-5 yrs),6
AIJOB0623,Mid (3-5 yrs),6
AIJOB0624,Lead (10+ yrs),6
AIJOB0625,Lead (10+ yrs),6
AIJOB0626,Mid (3-5 yrs),6
AIJOB0627,Lead (10+ yrs),6
AIJOB0628,Lead (10+ yrs),6
AIJOB0633,Lead (10+ yrs),6
AIJOB0992,Entry (0-2 yrs),6
AIJOB1004,Entry (0-2 yrs),6
AIJOB0640,Mid (3-5 yrs),6
AIJOB1056,Entry (0-2 yrs),6
AIJOB1059,Entry (0-2 yrs),6
AIJOB0645,Mid (3-5 yrs),6
AIJOB0646,Mid (3-5 yrs),6
AIJOB0647,Lead (10+ yrs),6
AIJOB0649,Mid (3-5 yrs),6
AIJOB1139,Entry (0-2 yrs),6
AIJOB0651,Lead (10+ yrs),6
AIJOB1228,Entry (0-2 yrs),6
AIJOB0654,Lead (10+ yrs),6
AIJOB0655,Mid (3-5 yrs),6
AIJOB0656,Mid (3-5 yrs),6
AIJOB1237,Entry (0-2 yrs),6
AIJOB1246,Entry (0-2 yrs),6
AIJOB0660,Mid (3-5 yrs),6
AIJOB1273,Entry (0-2 yrs),6
AIJOB0663,Mid (3-5 yrs),6
AIJOB1284,Entry (0-2 yrs),6
AIJOB1370,Entry (0-2 yrs),6
AIJOB1382,Entry (0-2 yrs),6
AIJOB1416,Entry (0-2 yrs),6
AIJOB0668,Lead (10+ yrs),6
AIJOB0669,Mid (3-5 yrs),6
AIJOB0670,Mid (3-5 yrs),6
AIJOB0671,Mid (3-5 yrs),6
AIJOB0675,Mid (3-5 yrs),6
AIJOB0677,Lead (10+ yrs),6
AIJOB1457,Entry (0-2 yrs),6
AIJOB1495,Entry (0-2 yrs),6
AIJOB0680,Lead (10+ yrs),6
AIJOB0681,Mid (3-5 yrs),6
AIJOB0682,Lead (10+ yrs),6
AIJOB0683,Mid (3-5 yrs),6
AIJOB0017,Entry (0-2 yrs),6
AIJOB0034,Entry (0-2 yrs),6
AIJOB0686,Mid (3-5 yrs),6
AIJOB0689,Lead (10+ yrs),6
AIJOB0690,Mid (3-5 yrs),6
AIJOB0691,Lead (10+ yrs),6
AIJOB0057,Entry (0-2 yrs),6
AIJOB0061,Entry (0-2 yrs),6
AIJOB0123,Entry (0-2 yrs),6
AIJOB0156,Entry (0-2 yrs),6
AIJOB0181,Entry (0-2 yrs),6
AIJOB0198,Entry (0-2 yrs),6
AIJOB0701,Mid (3-5 yrs),6
AIJOB0702,Mid (3-5 yrs),6
AIJOB0706,Lead (10+ yrs),6
AIJOB0707,Mid (3-5 yrs),6
AIJOB0708,Mid (3-5 yrs),6
AIJOB0709,Mid (3-5 yrs),6
AIJOB0710,Mid (3-5 yrs),6
AIJOB0209,Entry (0-2 yrs),6
AIJOB0714,Mid (3-5 yrs),6
AIJOB0715,Lead (10+ yrs),6
AIJOB0716,Mid (3-5 yrs),6
AIJOB0717,Lead (10+ yrs),6
AIJOB0221,Entry (0-2 yrs),6
AIJOB0720,Lead (10+ yrs),6
AIJOB0721,Lead (10+ yrs),6
AIJOB0244,Entry (0-2 yrs),6
AIJOB0266,Entry (0-2 yrs),6
AIJOB0728,Mid (3-5 yrs),6
AIJOB0272,Entry (0-2 yrs),6
AIJOB0731,Lead (10+ yrs),6
AIJOB0732,Lead (10+ yrs),6
AIJOB0733,Mid (3-5 yrs),6
AIJOB0734,Mid (3-5 yrs),6
AIJOB0736,Lead (10+ yrs),6
AIJOB0737,Mid (3-5 yrs),6
AIJOB0738,Lead (10+ yrs),6
AIJOB0348,Entry (0-2 yrs),6
AIJOB0742,Lead (10+ yrs),6
AIJOB0451,Entry (0-2 yrs),6
AIJOB0456,Entry (0-2 yrs),6
AIJOB0476,Entry (0-2 yrs),6
AIJOB0486,Entry (0-2 yrs),6
AIJOB0748,Mid (3-5 yrs),6
AIJOB0542,Entry (0-2 yrs),6
AIJOB0750,Mid (3-5 yrs),6
AIJOB0753,Mid (3-5 yrs),6
AIJOB0754,Lead (10+ yrs),6
AIJOB0638,Entry (0-2 yrs),6
AIJOB0757,Mid (3-5 yrs),6
AIJOB0758,Mid (3-5 yrs),6
AIJOB0759,Mid (3-5 yrs),6
AIJOB0761,Mid (3-5 yrs),6
AIJOB0762,Lead (10+ yrs),6
AIJOB0763,Mid (3-5 yrs),6
AIJOB0764,Mid (3-5 yrs),6
AIJOB0765,Mid (3-5 yrs),6
AIJOB0766,Mid (3-5 yrs),6
AIJOB0641,Entry (0-2 yrs),6
AIJOB0769,Mid (3-5 yrs),6
AIJOB0770,Lead (10+ yrs),6
AIJOB0771,Lead (10+ yrs),6
AIJOB0772,Mid (3-5 yrs),6
AIJOB0775,Mid (3-5 yrs),6
AIJOB0642,Entry (0-2 yrs),6
AIJOB0778,Mid (3-5 yrs),6
AIJOB0657,Entry (0-2 yrs),6
AIJOB0659,Entry (0-2 yrs),6
AIJOB0782,Lead (10+ yrs),6
AIJOB0784,Lead (10+ yrs),6
AIJOB0785,Mid (3-5 yrs),6
AIJOB0786,Mid (3-5 yrs),6
AIJOB0787,Lead (10+ yrs),6
AIJOB0722,Entry (0-2 yrs),6
AIJOB0727,Entry (0-2 yrs),6
AIJOB0793,Mid (3-5 yrs),6
AIJOB0794,Mid (3-5 yrs),6
AIJOB0796,Mid (3-5 yrs),6
AIJOB0798,Lead (10+ yrs),6
AIJOB0799,Mid (3-5 yrs),6
AIJOB0800,Mid (3-5 yrs),6
AIJOB0802,Lead (10+ yrs),6
AIJOB0803,Lead (10+ yrs),6
AIJOB0804,Mid (3-5 yrs),6
AIJOB0805,Lead (10+ yrs),6
AIJOB0806,Mid (3-5 yrs),6
AIJOB0744,Entry (0-2 yrs),6
AIJOB0829,Entry (0-2 yrs),6
AIJOB0809,Mid (3-5 yrs),6
AIJOB0841,Entry (0-2 yrs),6
AIJOB0875,Entry (0-2 yrs),6
AIJOB0813,Mid (3-5 yrs),6
AIJOB0892,Entry (0-2 yrs),6
AIJOB0900,Entry (0-2 yrs),6
AIJOB0819,Mid (3-5 yrs),6
AIJOB0820,Mid (3-5 yrs),6
AIJOB0821,Lead (10+ yrs),6
AIJOB0822,Mid (3-5 yrs),6
AIJOB0823,Lead (10+ yrs),6
AIJOB0914,Entry (0-2 yrs),6
AIJOB0825,Mid (3-5 yrs),6
AIJOB0826,Mid (3-5 yrs),6
AIJOB0827,Lead (10+ yrs),6
AIJOB0828,Mid (3-5 yrs),6
AIJOB0919,Entry (0-2 yrs),6
AIJOB1424,Entry (0-2 yrs),5
AIJOB0449,Senior (6-9 yrs),5
AIJOB1448,Entry (0-2 yrs),5
AIJOB1476,Entry (0-2 yrs),5
AIJOB0454,Senior (6-9 yrs),5
AIJOB1483,Entry (0-2 yrs),5
AIJOB0459,Senior (6-9 yrs),5
AIJOB0460,Lead (10+ yrs),5
AIJOB0006,Entry (0-2 yrs),5
AIJOB0053,Entry (0-2 yrs),5
AIJOB0055,Entry (0-2 yrs),5
AIJOB0065,Entry (0-2 yrs),5
AIJOB0468,Lead (10+ yrs),5
AIJOB0470,Senior (6-9 yrs),5
AIJOB0471,Lead (10+ yrs),5
AIJOB0069,Entry (0-2 yrs),5
AIJOB0474,Lead (10+ yrs),5
AIJOB0078,Entry (0-2 yrs),5
AIJOB0098,Entry (0-2 yrs),5
AIJOB0478,Senior (6-9 yrs),5
AIJOB0481,Lead (10+ yrs),5
AIJOB0482,Lead (10+ yrs),5
AIJOB0483,Senior (6-9 yrs),5
AIJOB0484,Senior (6-9 yrs),5
AIJOB0485,Lead (10+ yrs),5
AIJOB0135,Entry (0-2 yrs),5
AIJOB0487,Senior (6-9 yrs),5
AIJOB0489,Senior (6-9 yrs),5
AIJOB0491,Senior (6-9 yrs),5
AIJOB0492,Lead (10+ yrs),5
AIJOB0493,Senior (6-9 yrs),5
AIJOB0494,Senior (6-9 yrs),5
AIJOB0495,Lead (10+ yrs),5
AIJOB0180,Entry (0-2 yrs),5
AIJOB0200,Entry (0-2 yrs),5
AIJOB0498,Lead (10+ yrs),5
AIJOB0499,Senior (6-9 yrs),5
AIJOB0500,Senior (6-9 yrs),5
AIJOB0501,Senior (6-9 yrs),5
AIJOB0502,Senior (6-9 yrs),5
AIJOB0503,Lead (10+ yrs),5
AIJOB0226,Entry (0-2 yrs),5
AIJOB0506,Lead (10+ yrs),5
AIJOB0237,Entry (0-2 yrs),5
AIJOB0508,Lead (10+ yrs),5
AIJOB0509,Lead (10+ yrs),5
AIJOB0510,Senior (6-9 yrs),5
AIJOB0511,Lead (10+ yrs),5
AIJOB0243,Entry (0-2 yrs),5
AIJOB0513,Lead (10+ yrs),5
AIJOB0514,Lead (10+ yrs),5
AIJOB0515,Lead (10+ yrs),5
AIJOB0516,Lead (10+ yrs),5
AIJOB0267,Entry (0-2 yrs),5
AIJOB0306,Entry (0-2 yrs),5
AIJOB0326,Entry (0-2 yrs),5
AIJOB0344,Entry (0-2 yrs),5
AIJOB0362,Entry (0-2 yrs),5
AIJOB0524,Senior (6-9 yrs),5
AIJOB0412,Entry (0-2 yrs),5
AIJOB0421,Entry (0-2 yrs),5
AIJOB0528,Senior (6-9 yrs),5
AIJOB0529,Lead (10+ yrs),5
AIJOB0530,Senior (6-9 yrs),5
AIJOB0527,Entry (0-2 yrs),5
AIJOB0532,Lead (10+ yrs),5
AIJOB0533,Senior (6-9 yrs),5
AIJOB0534,Senior (6-9 yrs),5
AIJOB0536,Lead (10+ yrs),5
AIJOB0537,Senior (6-9 yrs),5
AIJOB0538,Lead (10+ yrs),5
AIJOB0558,Entry (0-2 yrs),5
AIJOB0540,Senior (6-9 yrs),5
AIJOB0567,Entry (0-2 yrs),5
AIJOB0692,Entry (0-2 yrs),5
AIJOB0543,Lead (10+ yrs),5
AIJOB0544,Lead (10+ yrs),5
AIJOB0548,Senior (6-9 yrs),5
AIJOB0696,Entry (0-2 yrs),5
AIJOB0551,Senior (6-9 yrs),5
AIJOB0552,Lead (10+ yrs),5
AIJOB0553,Senior (6-9 yrs),5
AIJOB0554,Lead (10+ yrs),5
AIJOB0555,Lead (10+ yrs),5
AIJOB0556,Lead (10+ yrs),5
AIJOB0557,Senior (6-9 yrs),5
AIJOB0747,Entry (0-2 yrs),5
AIJOB0780,Entry (0-2 yrs),5
AIJOB0562,Lead (10+ yrs),5
AIJOB0564,Lead (10+ yrs),5
AIJOB0807,Entry (0-2 yrs),5
AIJOB0566,Lead (10+ yrs),5
AIJOB0824,Entry (0-2 yrs),5
AIJOB0568,Senior (6-9 yrs),5
AIJOB0569,Senior (6-9 yrs),5
AIJOB0570,Lead (10+ yrs),5
AIJOB0571,Lead (10+ yrs),5
AIJOB0834,Entry (0-2 yrs),5
AIJOB0864,Entry (0-2 yrs),5
AIJOB0577,Lead (10+ yrs),5
AIJOB0578,Lead (10+ yrs),5
AIJOB0579,Lead (10+ yrs),5
AIJOB0868,Entry (0-2 yrs),5
AIJOB0581,Senior (6-9 yrs),5
AIJOB0884,Entry (0-2 yrs),5
AIJOB0583,Senior (6-9 yrs),5
AIJOB0584,Lead (10+ yrs),5
AIJOB0585,Lead (10+ yrs),5
AIJOB0587,Senior (6-9 yrs),5
AIJOB0588,Senior (6-9 yrs),5
AIJOB0590,Lead (10+ yrs),5
AIJOB0899,Entry (0-2 yrs),5
AIJOB0592,Senior (6-9 yrs),5
AIJOB0593,Lead (10+ yrs),5
AIJOB0595,Senior (6-9 yrs),5
AIJOB0596,Lead (10+ yrs),5
AIJOB0598,Lead (10+ yrs),5
AIJOB0599,Senior (6-9 yrs),5
AIJOB0601,Senior (6-9 yrs),5
AIJOB0602,Lead (10+ yrs),5
AIJOB0603,Lead (10+ yrs),5
AIJOB0921,Entry (0-2 yrs),5
AIJOB0605,Senior (6-9 yrs),5
AIJOB0606,Lead (10+ yrs),5
AIJOB0608,Senior (6-9 yrs),5
AIJOB0610,Senior (6-9 yrs),5
AIJOB0612,Lead (10+ yrs),5
AIJOB0615,Lead (10+ yrs),5
AIJOB0616,Lead (10+ yrs),5
AIJOB0617,Lead (10+ yrs),5
AIJOB0957,Entry (0-2 yrs),5
AIJOB0619,Lead (10+ yrs),5
AIJOB0966,Entry (0-2 yrs),5
AIJOB0280,Senior (6-9 yrs),4
AIJOB0155,Entry (0-2 yrs),4
AIJOB0283,Lead (10+ yrs),4
AIJOB0285,Lead (10+ yrs),4
AIJOB0174,Entry (0-2 yrs),4
AIJOB0287,Lead (10+ yrs),4
AIJOB0288,Senior (6-9 yrs),4
AIJOB0289,Senior (6-9 yrs),4
AIJOB0290,Senior (6-9 yrs),4
AIJOB0295,Lead (10+ yrs),4
AIJOB0228,Entry (0-2 yrs),4
AIJOB0300,Senior (6-9 yrs),4
AIJOB0301,Senior (6-9 yrs),4
AIJOB0302,Lead (10+ yrs),4
AIJOB0303,Senior (6-9 yrs),4
AIJOB0240,Entry (0-2 yrs),4
AIJOB0307,Senior (6-9 yrs),4
AIJOB0259,Entry (0-2 yrs),4
AIJOB0309,Lead (10+ yrs),4
AIJOB0310,Lead (10+ yrs),4
AIJOB0311,Senior (6-9 yrs),4
AIJOB0260,Entry (0-2 yrs),4
AIJOB0315,Senior (6-9 yrs),4
AIJOB0263,Entry (0-2 yrs),4
AIJOB0317,Senior (6-9 yrs),4
AIJOB0319,Senior (6-9 yrs),4
AIJOB0265,Entry (0-2 yrs),4
AIJOB0321,Senior (6-9 yrs),4
AIJOB0322,Lead (10+ yrs),4
AIJOB0325,Entry (0-2 yrs),4
AIJOB0324,Lead (10+ yrs),4
AIJOB0380,Entry (0-2 yrs),4
AIJOB0519,Entry (0-2 yrs),4
AIJOB0328,Senior (6-9 yrs),4
AIJOB0329,Lead (10+ yrs),4
AIJOB0330,Senior (6-9 yrs),4
AIJOB0539,Entry (0-2 yrs),4
AIJOB0334,Senior (6-9 yrs),4
AIJOB0591,Entry (0-2 yrs),4
AIJOB0336,Lead (10+ yrs),4
AIJOB0338,Lead (10+ yrs),4
AIJOB0341,Senior (6-9 yrs),4
AIJOB0342,Lead (10+ yrs),4
AIJOB0343,Lead (10+ yrs),4
AIJOB0650,Entry (0-2 yrs),4
AIJOB0345,Senior (6-9 yrs),4
AIJOB0346,Lead (10+ yrs),4
AIJOB0666,Entry (0-2 yrs),4
AIJOB0349,Senior (6-9 yrs),4
AIJOB0350,Senior (6-9 yrs),4
AIJOB0351,Senior (6-9 yrs),4
AIJOB0352,Senior (6-9 yrs),4
AIJOB0353,Lead (10+ yrs),4
AIJOB0354,Lead (10+ yrs),4
AIJOB0355,Senior (6-9 yrs),4
AIJOB0356,Lead (10+ yrs),4
AIJOB0357,Senior (6-9 yrs),4
AIJOB0678,Entry (0-2 yrs),4
AIJOB0359,Senior (6-9 yrs),4
AIJOB0360,Lead (10+ yrs),4
AIJOB0361,Senior (6-9 yrs),4
AIJOB0685,Entry (0-2 yrs),4
AIJOB0363,Senior (6-9 yrs),4
AIJOB0365,Lead (10+ yrs),4
AIJOB0368,Senior (6-9 yrs),4
AIJOB0693,Entry (0-2 yrs),4
AIJOB0745,Entry (0-2 yrs),4
AIJOB0374,Senior (6-9 yrs),4
AIJOB0375,Lead (10+ yrs),4
AIJOB0790,Entry (0-2 yrs),4
AIJOB0915,Entry (0-2 yrs),4
AIJOB0956,Entry (0-2 yrs),4
AIJOB0960,Entry (0-2 yrs),4
AIJOB0382,Lead (10+ yrs),4
AIJOB1035,Entry (0-2 yrs),4
AIJOB0384,Lead (10+ yrs),4
AIJOB0385,Lead (10+ yrs),4
AIJOB0386,Senior (6-9 yrs),4
AIJOB0388,Senior (6-9 yrs),4
AIJOB0391,Senior (6-9 yrs),4
AIJOB0392,Lead (10+ yrs),4
AIJOB0393,Senior (6-9 yrs),4
AIJOB0394,Senior (6-9 yrs),4
AIJOB0396,Senior (6-9 yrs),4
AIJOB0397,Lead (10+ yrs),4
AIJOB0398,Lead (10+ yrs),4
AIJOB0399,Lead (10+ yrs),4
AIJOB1078,Entry (0-2 yrs),4
AIJOB0402,Lead (10+ yrs),4
AIJOB0403,Senior (6-9 yrs),4
AIJOB0404,Lead (10+ yrs),4
AIJOB1084,Entry (0-2 yrs),4
AIJOB0407,Lead (10+ yrs),4
AIJOB0408,Lead (10+ yrs),4
AIJOB0410,Senior (6-9 yrs),4
AIJOB1118,Entry (0-2 yrs),4
AIJOB0413,Lead (10+ yrs),4
AIJOB0415,Lead (10+ yrs),4
AIJOB0416,Senior (6-9 yrs),4
AIJOB0417,Lead (10+ yrs),4
AIJOB0418,Lead (10+ yrs),4
AIJOB1128,Entry (0-2 yrs),4
AIJOB0420,Senior (6-9 yrs),4
AIJOB1168,Entry (0-2 yrs),4
AIJOB0422,Lead (10+ yrs),4
AIJOB0423,Senior (6-9 yrs),4
AIJOB0424,Lead (10+ yrs),4
AIJOB0426,Senior (6-9 yrs),4
AIJOB0427,Lead (10+ yrs),4
AIJOB0428,Senior (6-9 yrs),4
AIJOB0429,Lead (10+ yrs),4
AIJOB0430,Lead (10+ yrs),4
AIJOB0431,Lead (10+ yrs),4
AIJOB0435,Senior (6-9 yrs),4
AIJOB1350,Entry (0-2 yrs),4
AIJOB0438,Lead (10+ yrs),4
AIJOB0439,Lead (10+ yrs),4
AIJOB1412,Entry (0-2 yrs),4
AIJOB0441,Senior (6-9 yrs),4
AIJOB0442,Senior (6-9 yrs),4
AIJOB0443,Senior (6-9 yrs),4
AIJOB0112,Lead (10+ yrs),3
AIJOB1114,Entry (0-2 yrs),3
AIJOB0114,Senior (6-9 yrs),3
AIJOB0115,Senior (6-9 yrs),3
AIJOB0116,Lead (10+ yrs),3
AIJOB0120,Senior (6-9 yrs),3
AIJOB0122,Senior (6-9 yrs),3
AIJOB1185,Entry (0-2 yrs),3
AIJOB0124,Lead (10+ yrs),3
AIJOB0125,Lead (10+ yrs),3
AIJOB0126,Lead (10+ yrs),3
AIJOB0127,Lead (10+ yrs),3
AIJOB1213,Entry (0-2 yrs),3
AIJOB0129,Senior (6-9 yrs),3
AIJOB1223,Entry (0-2 yrs),3
AIJOB0131,Senior (6-9 yrs),3
AIJOB0132,Lead (10+ yrs),3
AIJOB0133,Senior (6-9 yrs),3
AIJOB1279,Entry (0-2 yrs),3
AIJOB1291,Entry (0-2 yrs),3
AIJOB1331,Entry (0-2 yrs),3
AIJOB0138,Senior (6-9 yrs),3
AIJOB0139,Lead (10+ yrs),3
AIJOB1365,Entry (0-2 yrs),3
AIJOB0143,Lead (10+ yrs),3
AIJOB0144,Lead (10+ yrs),3
AIJOB1415,Entry (0-2 yrs),3
AIJOB0148,Senior (6-9 yrs),3
AIJOB0149,Lead (10+ yrs),3
AIJOB0150,Lead (10+ yrs),3
AIJOB0151,Senior (6-9 yrs),3
AIJOB1425,Entry (0-2 yrs),3
AIJOB0154,Senior (6-9 yrs),3
AIJOB0009,Entry (0-2 yrs),3
AIJOB0016,Entry (0-2 yrs),3
AIJOB0157,Lead (10+ yrs),3
AIJOB0048,Entry (0-2 yrs),3
AIJOB0159,Lead (10+ yrs),3
AIJOB0160,Lead (10+ yrs),3
AIJOB0163,Lead (10+ yrs),3
AIJOB0164,Senior (6-9 yrs),3
AIJOB0166,Senior (6-9 yrs),3
AIJOB0103,Entry (0-2 yrs),3
AIJOB0168,Senior (6-9 yrs),3
AIJOB0169,Senior (6-9 yrs),3
AIJOB0130,Entry (0-2 yrs),3
AIJOB0173,Lead (10+ yrs),3
AIJOB0141,Entry (0-2 yrs),3
AIJOB0176,Lead (10+ yrs),3
AIJOB0223,Entry (0-2 yrs),3
AIJOB0316,Entry (0-2 yrs),3
AIJOB0179,Senior (6-9 yrs),3
AIJOB0370,Entry (0-2 yrs),3
AIJOB0419,Entry (0-2 yrs),3
AIJOB0182,Lead (10+ yrs),3
AIJOB0184,Senior (6-9 yrs),3
AIJOB0185,Lead (10+ yrs),3
AIJOB0186,Senior (6-9 yrs),3
AIJOB0440,Entry (0-2 yrs),3
AIJOB0189,Lead (10+ yrs),3
AIJOB0191,Senior (6-9 yrs),3
AIJOB0192,Senior (6-9 yrs),3
AIJOB0193,Senior (6-9 yrs),3
AIJOB0194,Lead (10+ yrs),3
AIJOB0195,Lead (10+ yrs),3
AIJOB0196,Lead (10+ yrs),3
AIJOB0197,Lead (10+ yrs),3
AIJOB0461,Entry (0-2 yrs),3
AIJOB0199,Senior (6-9 yrs),3
AIJOB0507,Entry (0-2 yrs),3
AIJOB0201,Senior (6-9 yrs),3
AIJOB0208,Lead (10+ yrs),3
AIJOB0575,Entry (0-2 yrs),3
AIJOB0211,Lead (10+ yrs),3
AIJOB0212,Lead (10+ yrs),3
AIJOB0580,Entry (0-2 yrs),3
AIJOB0620,Entry (0-2 yrs),3
AIJOB0216,Senior (6-9 yrs),3
AIJOB0679,Entry (0-2 yrs),3
AIJOB0218,Lead (10+ yrs),3
AIJOB0219,Lead (10+ yrs),3
AIJOB0699,Entry (0-2 yrs),3
AIJOB0222,Lead (10+ yrs),3
AIJOB0711,Entry (0-2 yrs),3
AIJOB0729,Entry (0-2 yrs),3
AIJOB0740,Entry (0-2 yrs),3
AIJOB0767,Entry (0-2 yrs),3
AIJOB0230,Lead (10+ yrs),3
AIJOB0231,Senior (6-9 yrs),3
AIJOB0233,Senior (6-9 yrs),3
AIJOB0234,Senior (6-9 yrs),3
AIJOB0808,Entry (0-2 yrs),3
AIJOB0810,Entry (0-2 yrs),3
AIJOB0853,Entry (0-2 yrs),3
AIJOB0242,Senior (6-9 yrs),3
AIJOB0859,Entry (0-2 yrs),3
AIJOB0873,Entry (0-2 yrs),3
AIJOB0246,Lead (10+ yrs),3
AIJOB0971,Entry (0-2 yrs),3
AIJOB0249,Lead (10+ yrs),3
AIJOB0251,Lead (10+ yrs),3
AIJOB0252,Lead (10+ yrs),3
AIJOB0253,Lead (10+ yrs),3
AIJOB1031,Entry (0-2 yrs),3
AIJOB0255,Lead (10+ yrs),3
AIJOB0256,Senior (6-9 yrs),3
AIJOB0258,Lead (10+ yrs),3
AIJOB1075,Entry (0-2 yrs),3
AIJOB1124,Entry (0-2 yrs),3
AIJOB1137,Entry (0-2 yrs),3
AIJOB1186,Entry (0-2 yrs),3
AIJOB1191,Entry (0-2 yrs),3
AIJOB0264,Lead (10+ yrs),3
AIJOB1234,Entry (0-2 yrs),3
AIJOB1267,Entry (0-2 yrs),3
AIJOB1311,Entry (0-2 yrs),3
AIJOB1335,Entry (0-2 yrs),3
AIJOB0270,Senior (6-9 yrs),3
AIJOB1395,Entry (0-2 yrs),3
AIJOB1422,Entry (0-2 yrs),3
AIJOB0273,Senior (6-9 yrs),3
AIJOB0010,Entry (0-2 yrs),3
AIJOB0082,Entry (0-2 yrs),3
AIJOB0277,Senior (6-9 yrs),3
AIJOB0013,Mid (3-5 yrs),2
AIJOB0015,Senior (6-9 yrs),2
AIJOB0018,Mid (3-5 yrs),2
AIJOB0019,Senior (6-9 yrs),2
AIJOB0020,Lead (10+ yrs),2
AIJOB0021,Senior (6-9 yrs),2
AIJOB0022,Senior (6-9 yrs),2
AIJOB0023,Lead (10+ yrs),2
AIJOB0024,Lead (10+ yrs),2
AIJOB0025,Mid (3-5 yrs),2
AIJOB0026,Lead (10+ yrs),2
AIJOB0028,Mid (3-5 yrs),2
AIJOB0029,Lead (10+ yrs),2
AIJOB0030,Senior (6-9 yrs),2
AIJOB0031,Lead (10+ yrs),2
AIJOB0032,Lead (10+ yrs),2
AIJOB0033,Mid (3-5 yrs),2
AIJOB0035,Lead (10+ yrs),2
AIJOB0036,Lead (10+ yrs),2
AIJOB0037,Senior (6-9 yrs),2
AIJOB0038,Senior (6-9 yrs),2
AIJOB0039,Lead (10+ yrs),2
AIJOB0040,Lead (10+ yrs),2
AIJOB0043,Senior (6-9 yrs),2
AIJOB0044,Senior (6-9 yrs),2
AIJOB0045,Mid (3-5 yrs),2
AIJOB0046,Mid (3-5 yrs),2
AIJOB0047,Senior (6-9 yrs),2
AIJOB0049,Senior (6-9 yrs),2
AIJOB0050,Lead (10+ yrs),2
AIJOB0051,Senior (6-9 yrs),2
AIJOB0052,Lead (10+ yrs),2
AIJOB0056,Lead (10+ yrs),2
AIJOB0059,Mid (3-5 yrs),2
AIJOB0063,Mid (3-5 yrs),2
AIJOB0064,Mid (3-5 yrs),2
AIJOB0066,Lead (10+ yrs),2
AIJOB0067,Senior (6-9 yrs),2
AIJOB0068,Lead (10+ yrs),2
AIJOB0070,Mid (3-5 yrs),2
AIJOB0072,Senior (6-9 yrs),2
AIJOB0074,Mid (3-5 yrs),2
AIJOB0075,Mid (3-5 yrs),2
AIJOB0076,Lead (10+ yrs),2
AIJOB0077,Senior (6-9 yrs),2
AIJOB0079,Senior (6-9 yrs),2
AIJOB0080,Senior (6-9 yrs),2
AIJOB0081,Mid (3-5 yrs),2
AIJOB0083,Senior (6-9 yrs),2
AIJOB0084,Senior (6-9 yrs),2
AIJOB0085,Mid (3-5 yrs),2
AIJOB0086,Senior (6-9 yrs),2
AIJOB0087,Lead (10+ yrs),2
AIJOB0089,Senior (6-9 yrs),2
AIJOB0090,Lead (10+ yrs),2
AIJOB0091,Lead (10+ yrs),2
AIJOB0092,Lead (10+ yrs),2
AIJOB0093,Mid (3-5 yrs),2
AIJOB0094,Mid (3-5 yrs),2
AIJOB0096,Lead (10+ yrs),2
AIJOB0097,Senior (6-9 yrs),2
AIJOB0099,Mid (3-5 yrs),2
AIJOB0100,Lead (10+ yrs),2
AIJOB0101,Senior (6-9 yrs),2
AIJOB0102,Lead (10+ yrs),2
AIJOB0104,Senior (6-9 yrs),2
AIJOB0105,Senior (6-9 yrs),2
AIJOB0106,Senior (6-9 yrs),2
AIJOB0107,Lead (10+ yrs),2
AIJOB0108,Lead (10+ yrs),2
AIJOB0109,Lead (10+ yrs),2
AIJOB0110,Mid (3-5 yrs),2
AIJOB0111,Mid (3-5 yrs),2
AIJOB0001,Senior (6-9 yrs),1
AIJOB0002,Senior (6-9 yrs),1
AIJOB0003,Senior (6-9 yrs),1
AIJOB0004,Senior (6-9 yrs),1
AIJOB0005,Lead (10+ yrs),1
AIJOB0007,Mid (3-5 yrs),1
AIJOB0008,Mid (3-5 yrs),1
AIJOB0012,Mid (3-5 yrs),1
